customer_id,prediction_proba,predictions
3030-YZADT,0.0,0
5131-PONJI,0.2,0
5343-SGUBI,0.0,0
1036-GUDCL,0.2,0
8731-WBBMB,0.2,0
2882-DDZPG,0.2,0
3597-YASZG,0.2,0
8784-CGILN,0.8,1
3312-ZWLGF,0.4,0
4572-DVCGN,0.6,1
7054-ENNGU,0.2,0
1125-SNVCK,0.2,0
0722-TROQR,0.4,0
4325-NFSKC,0.0,0
6910-HADCM,0.8,1
8429-XIBUM,0.4,0
5002-GCQFH,0.0,0
7781-HVGMK,0.0,0
2960-NKRSO,0.6,1
3696-XRIEN,0.0,0
1162-ECVII,0.0,0
1525-LNLOJ,0.0,0
5859-HZYLF,0.0,0
9680-NIAUV,0.2,0
0848-ZGQIJ,0.8,1
3658-KIBGF,0.4,0
7291-CDTMJ,0.2,0
4522-XRWWI,0.2,0
8603-IJWDN,1.0,1
6408-WHTEF,0.0,0
5680-LQOGP,0.2,0
6770-XUAGN,0.4,0
8929-KSWIH,0.4,0
1074-AMIOH,0.4,0
0133-BMFZO,0.6,1
5275-PMFUT,0.0,0
0374-FIUCA,0.0,0
4350-ZTLPI,0.0,0
3224-DFQNQ,0.0,0
0925-VYDLG,0.6,1
6579-JPICP,0.2,0
2514-GINMM,1.0,1
4860-YZGZM,0.4,0
4806-DXQCE,0.4,0
3071-MVJCD,0.0,0
1069-XAIEM,0.8,1
2233-FAGXV,0.2,0
9367-TCUYN,0.2,0
8741-LQOBK,0.4,0
3724-UCSHY,0.0,0
7269-JISCY,0.4,0
1009-IRMNA,0.0,0
3249-ZPQRG,0.8,1
0224-RLWWD,0.4,0
0877-SDMBN,0.4,0
8189-DUKMV,0.4,0
5115-SQAAU,0.0,0
8033-ATFAS,0.2,0
6429-SHBCB,0.4,0
0547-HURJB,0.2,0
0496-AHOOK,0.6,1
2858-EIMXH,0.2,0
5821-MMEIL,0.0,0
2233-TXSIU,0.4,0
6128-AQBMT,0.2,0
6680-WKXRZ,0.4,0
3088-LHEFH,0.2,0
5569-IDSEY,0.4,0
1024-VRZHF,0.4,0
5207-PLSTK,0.8,1
9964-WBQDJ,0.0,0
5564-NEMQO,0.8,1
0603-OLQDC,0.2,0
3720-DBRWL,0.0,0
6432-TWQLB,0.0,0
3797-VTIDR,0.8,1
2788-CJQAQ,0.0,0
0946-CLJTI,0.0,0
8224-UAXBZ,0.2,0
2634-HCZGT,0.2,0
3571-DPYUH,0.2,0
4821-WQOYN,0.0,0
3606-SBKRY,0.2,0
7235-NXZCP,0.6,1
5227-JSCFE,0.0,0
9710-ZUSHQ,0.2,0
7341-LXCAF,0.6,1
3552-CTCYF,0.0,0
9661-JALZV,0.0,0
0936-NQLJU,0.0,0
1564-NTYXF,0.4,0
2538-OIMXF,0.2,0
7459-RRWQZ,0.4,0
1337-BOZWO,0.2,0
3677-TNKIO,0.6,1
0426-TIRNE,0.4,0
6723-WSNTY,0.0,0
9453-PATOS,0.0,0
3043-TYBNO,0.8,1
2325-ZUSFD,0.2,0
6457-GIRWB,1.0,1
9987-LUTYD,0.0,0
6919-ELBGL,0.0,0
2250-IVBWA,0.4,0
0376-OIWME,0.2,0
3506-LCJDC,0.4,0
8821-KVZKQ,0.0,0
0707-HOVVN,0.2,0
1658-BYGOY,0.6,1
0114-PEGZZ,0.2,0
9279-CJEOJ,0.0,0
9548-LERKT,0.0,0
6563-VNPMN,0.2,0
4967-WPNCF,0.2,0
8065-YKXKD,0.6,1
1131-ALZWV,0.0,0
4626-GYCZP,0.8,1
1061-PNTHC,0.0,0
6646-JPPHA,0.4,0
5020-ZSTTY,0.4,0
9746-UGFAC,0.0,0
0193-ESZXP,0.2,0
9985-MWVIX,0.6,1
5018-HEKFO,0.0,0
7729-JTEEC,0.6,1
2040-LDIWQ,0.0,0
0927-LCSMG,0.4,0
9522-BNTHX,0.4,0
4293-ETKAP,0.2,0
9173-IVZVP,0.0,0
6034-ZRYCV,0.0,0
8944-AILEF,0.0,0
0734-OXWBT,0.4,0
6348-SNFUS,0.0,0
4853-RULSV,0.0,0
5129-JLPIS,0.0,0
5712-PTIWW,0.8,1
1403-GYAFU,0.0,0
5193-QLVZB,0.4,0
8106-GWQOK,0.4,0
5397-TUPSH,0.0,0
2661-GKBTK,0.0,0
6537-QLGEX,0.6,1
7527-QNRUS,0.0,0
6258-PVZWJ,0.0,0
4678-DVQEO,1.0,1
2724-FJDYW,0.4,0
9560-BBZXK,0.0,0
3913-RDSJZ,0.0,0
9972-VAFJJ,0.4,0
2055-BFOCC,0.0,0
0020-INWCK,0.0,0
4536-PLEQY,0.2,0
3096-JRDSO,0.2,0
8861-HGGKB,0.6,1
2424-WVHPL,0.6,1
5494-WOZRZ,0.2,0
5171-EPLKN,0.0,0
6103-QCKFX,0.2,0
9874-QLCLH,0.6,1
2740-TVLFN,0.4,0
2351-BKRZW,0.0,0
2012-NWRPA,1.0,1
4111-BNXIF,0.0,0
2154-KVJFF,0.6,1
3106-ULWFW,0.6,1
6719-OXYBR,0.2,0
8417-GSODA,0.2,0
6773-LQTVT,0.0,0
9139-TWBAS,0.4,0
3729-OWRVL,0.0,0
6917-YACBP,0.2,0
5724-BIDBU,0.2,0
0384-RVBPI,0.4,0
4855-SNKMY,0.2,0
8178-EYZUO,0.2,0
2061-VVFST,0.0,0
5593-SUAOO,0.0,0
2824-MYYBN,0.4,0
7270-BDIOA,0.2,0
3518-PZXZQ,0.6,1
5922-ABDVO,0.8,1
2049-BAFNW,0.8,1
8879-XUAHX,0.0,0
1023-BQXZE,0.0,0
0531-ZZJWQ,0.2,0
1025-FALIX,0.0,0
9889-TMAHG,0.8,1
3050-RLLXC,0.0,0
2480-EJWYP,0.2,0
1724-BQUHA,0.8,1
5876-QMYLD,0.0,0
7110-BDTWG,0.2,0
7359-WWYJV,0.0,0
7025-WCBNE,0.0,0
7964-VEXDG,0.4,0
5698-BQJOH,0.8,1
5774-XZTQC,0.0,0
1750-CSKKM,0.0,0
1114-CENIM,0.0,0
4273-MBHYA,1.0,1
4118-CEVPF,0.4,0
3967-KXAPS,0.0,0
0107-WESLM,0.6,1
1545-JFUML,0.2,0
2398-YPMUR,0.6,1
2454-RPBRZ,0.8,1
4986-MXSFP,0.0,0
8659-HDIYE,0.0,0
9134-CEQMF,0.8,1
0562-HKHML,0.0,0
9003-CPATH,0.4,0
6502-KUGLL,0.0,0
9470-RTWDV,0.2,0
5673-FSSMF,0.8,1
3896-RCYYE,0.0,0
2683-JXWQQ,0.4,0
0491-KAPQG,0.6,1
8400-WZICQ,0.0,0
6849-OYAMU,0.2,0
2659-VXMWZ,0.2,0
0139-IVFJG,0.8,1
7605-BDWDC,0.2,0
9848-JQJTX,0.4,0
6229-UOLQL,0.0,0
2931-FSOHN,0.2,0
5808-TOTXO,0.4,0
4349-GFQHK,0.2,0
0365-TRTPY,0.2,0
6870-ZWMNX,0.2,0
7674-YTAFD,0.2,0
2195-VVRJF,0.4,0
0665-XHDJU,0.2,0
1791-PQHBB,0.2,0
3192-LNKRK,0.4,0
7432-FFVAR,0.2,0
0487-RPVUM,0.2,0
9122-UMROB,0.4,0
5839-SUYVZ,0.6,1
7683-CBDKJ,0.6,1
7615-ESMYF,0.4,0
8204-TIFGJ,0.0,0
1091-SOZGA,0.6,1
4009-ALQFH,0.8,1
5827-MWCZK,0.2,0
8221-EQDGL,0.6,1
1985-MBRYP,0.0,0
5170-PTRKA,0.0,0
6500-JVEGC,0.2,0
4817-VYYWS,0.4,0
7549-MYGPK,0.2,0
2937-FTHUR,0.6,1
0774-RMNUW,0.0,0
1728-CXQBE,0.0,0
9661-MHUMO,0.2,0
6904-JLBGY,0.0,0
5774-QPLTF,0.2,0
4312-KFRXN,0.0,0
4667-QONEA,0.2,0
3143-JQEGI,0.4,0
6351-SCJKT,0.4,0
8207-DMRVL,0.0,0
4971-PUYQO,0.4,0
4138-NAXED,0.2,0
3118-UHVVQ,0.0,0
1041-RXHRA,0.4,0
2452-SNHFZ,0.0,0
1704-NRWYE,0.6,1
5647-FXOTP,0.6,1
1976-CFOCS,1.0,1
8224-KDLKN,0.0,0
5906-CVLHP,0.0,0
5249-QYHEX,0.0,0
6029-CSMJE,0.0,0
1270-XKUCC,0.0,0
7279-NMVJC,0.2,0
4958-GZWIY,0.0,0
6627-CFOSN,0.2,0
9139-WQQDY,0.0,0
4993-JCRGJ,0.6,1
6549-BTYPG,0.2,0
1174-FGIFN,0.4,0
0247-SLUJI,0.6,1
2782-JEEBU,0.2,0
8132-YPVBX,0.8,1
7047-FWEYA,0.0,0
0106-UGRDO,0.0,0
9256-JTBNZ,0.2,0
2725-TTRIQ,0.0,0
3519-ZKXGG,0.6,1
9424-CMPOG,0.0,0
4770-QAZXN,0.4,0
9055-MOJJJ,0.0,0
8917-SZTTJ,0.0,0
7293-LSCDV,0.2,0
0947-MUGVO,0.8,1
1309-BXVOQ,0.4,0
2458-EOMRE,0.2,0
4890-VMUAV,0.0,0
3419-SNJJD,0.0,0
2300-RQGOI,0.0,0
3413-DHLPB,0.0,0
4700-UBQMV,0.6,1
8313-NDOIA,0.6,1
1227-UDMZR,0.2,0
5198-HQAEN,0.2,0
6504-VBLFL,0.0,0
7449-HVPIV,0.6,1
7598-UAASY,0.8,1
3750-RNQKR,0.2,0
5871-DGTXZ,0.0,0
7016-BPGEU,0.0,0
1866-DIOQZ,0.0,0
7929-SKFGK,0.0,0
3138-BKYAV,0.4,0
1077-HUUJM,0.6,1
2325-NBPZG,0.6,1
6339-DKLMK,0.0,0
6478-HRRCZ,0.0,0
0107-YHINA,1.0,1
4903-UYAVB,0.0,0
0020-JDNXP,0.2,0
5993-BQHEA,0.0,0
6479-OAUSD,0.0,0
0872-JCPIB,0.6,1
7427-AUFPY,0.0,0
5793-YOLJN,0.0,0
4612-SSVHJ,0.2,0
8216-AZUUZ,0.0,0
5795-BKOYE,0.0,0
3546-GHEAE,0.4,0
7105-BENQF,0.4,0
3398-ZOUAA,0.6,1
9650-VBUOG,0.2,0
3671-SHRSP,0.4,0
9210-IAHGH,0.4,0
1299-AURJA,0.0,0
6723-CEGQI,0.0,0
5668-MEISB,0.2,0
3500-RMZLT,0.6,1
4250-ZBWLV,0.0,0
0675-NCDYU,0.0,0
9351-HXDMR,0.0,0
1223-UNPKS,0.0,0
3223-WZWJM,0.4,0
8854-CCVSQ,0.6,1
3627-FHKBK,0.8,1
1403-LKLIK,0.0,0
7601-WFVZV,0.6,1
2075-PUEPR,0.0,0
7295-JOMMD,0.6,1
4455-BFSPD,0.2,0
5057-LCOUI,0.2,0
5968-HYJRZ,0.0,0
5375-XLDOF,0.2,0
6818-DJXAA,0.4,0
8805-JNRAZ,0.4,0
8402-EIVQS,0.0,0
6248-TKCQV,0.2,0
2511-MORQY,0.2,0
3055-VTCGS,0.0,0
1430-SFQSA,0.4,0
7643-RCHXS,0.0,0
0308-IVGOK,0.2,0
8896-RAZCR,0.0,0
6024-RUGGH,0.0,0
9898-KZQDZ,0.2,0
0112-QAWRZ,0.4,0
3126-WQMGH,0.0,0
8059-UDZFY,0.4,0
7516-GMHUV,0.2,0
5389-FFVKB,0.2,0
0680-DFNNY,0.4,0
3900-AQPHZ,0.2,0
5998-DZLYR,0.2,0
4948-WBBKL,0.2,0
3727-OWVYD,0.0,0
5084-OOVCJ,0.0,0
8992-VONJD,0.4,0
0612-RTZZA,1.0,1
5918-VUKWP,0.0,0
4659-NZRUF,0.6,1
2091-GPPIQ,0.0,0
0326-VDYXE,0.4,0
2480-SQIOB,0.4,0
5562-BETPV,0.4,0
9305-CDSKC,0.4,0
5364-EVNIB,0.4,0
8138-EALND,0.0,0
9833-TGFHX,0.0,0
4959-JOSRX,0.6,1
0375-HVGXO,0.8,1
3990-QYKBE,0.6,1
8709-KRDVL,0.2,0
1708-PBBOA,0.2,0
9971-ZWPBF,0.6,1
2419-FSORS,0.4,0
6305-YLBMM,0.0,0
3669-OYSJI,0.8,1
6194-HBGQN,0.2,0
0123-CRBRT,0.0,0
7029-IJEJK,0.2,0
1184-PJVDB,0.6,1
8869-TORSS,0.0,0
7508-DQAKK,0.4,0
4510-PYUSH,0.0,0
4450-YOOHP,0.0,0
3373-DIUUN,0.0,0
5482-VXSXJ,0.8,1
1697-NVVGY,0.2,0
9227-LUNBG,0.6,1
4827-USJHP,0.2,0
9114-VEPUF,0.2,0
0620-XEFWH,0.0,0
6048-UWKAL,0.0,0
8990-YOZLV,0.0,0
6860-YRJZP,0.6,1
5956-YHHRX,0.8,1
5583-EJXRD,0.2,0
8456-QDAVC,0.4,0
7159-NOKYQ,0.0,0
0257-KXZGU,0.0,0
5787-KXGIY,0.0,0
0196-JTUQI,0.6,1
0461-CVKMU,0.4,0
4476-OSWTN,0.2,0
4500-HKANN,0.2,0
2800-QQUSO,0.2,0
5143-EGQFK,0.6,1
8129-GMVGI,0.2,0
7893-IXHRQ,0.4,0
2162-FRZAA,0.0,0
9415-DPEWS,0.4,0
8999-BOHSE,0.6,1
0907-HQNTS,0.0,0
9646-NMHXE,0.0,0
1936-UAFEH,0.2,0
8213-TAZPM,0.2,0
3524-WQDSG,0.2,0
1481-ZUWZA,0.8,1
6754-WKSHP,0.0,0
5181-OABFK,0.0,0
6837-HAEVO,0.2,0
0756-MPZRL,0.0,0
5789-LDFXO,0.0,0
7508-MYBOG,0.6,1
1338-CECEE,0.2,0
2082-OJVTK,0.4,0
2256-YLYLP,0.0,0
9957-YODKZ,0.8,1
0064-SUDOG,0.2,0
7554-NEWDD,0.4,0
4361-BKAXE,0.6,1
9033-EOXWV,0.4,0
1213-NGCUN,0.2,0
3154-CFSZG,0.6,1
7872-BAAZR,0.0,0
6905-NIQIN,0.4,0
5119-KEPFY,0.4,0
8443-ZRDBZ,0.4,0
0334-GDDSO,0.4,0
4671-VJLCL,0.0,0
4112-LUEIZ,0.6,1
0599-XNYDO,0.4,0
9114-AAFQH,0.0,0
6603-QWSPR,0.2,0
4298-OYIFC,0.4,0
3280-MRDOF,0.4,0
6061-PQHMK,0.0,0
0345-XMMUG,0.2,0
9351-LZYGF,0.2,0
2232-DMLXU,0.4,0
0324-BRPCJ,0.2,0
9851-QXEEQ,0.4,0
0137-UDEUO,0.2,0
3387-VATUS,1.0,1
6419-ZTTLE,0.0,0
3066-RRJIO,0.6,1
7979-CORPM,0.8,1
9541-PWTWO,0.0,0
5089-IFSDP,0.4,0
4007-NHVHI,0.0,0
9489-JMTTN,0.4,0
1169-WCVAK,0.2,0
4598-XLKNJ,0.4,0
2842-BCQGE,0.0,0
2460-NGXBJ,0.0,0
0121-SNYRK,0.0,0
7658-UYUQS,0.2,0
1113-IUJYX,0.6,1
2969-WGHQO,0.6,1
0373-AIVNJ,0.0,0
2085-BOJKI,0.8,1
4137-JOPHL,0.0,0
1196-AMORA,0.4,0
9342-VNIMQ,0.0,0
3898-GUYTS,0.6,1
4654-ULTTN,0.2,0
6369-MCAKO,0.0,0
3049-SOLAY,0.8,1
7410-KTVFV,0.4,0
1697-LYYYX,0.0,0
5133-VRSAB,0.6,1
2565-JSLRY,0.4,0
2967-MXRAV,0.0,0
5176-OLSKT,0.2,0
0980-PVMRC,0.0,0
3987-KQDDU,0.2,0
8919-FYFQZ,0.0,0
6131-IUNXN,0.0,0
9830-ECLEN,0.0,0
3389-KTRXV,0.0,0
6963-EZQEE,0.0,0
8999-YPYBV,0.2,0
2408-PSJVE,0.0,0
1904-WAJAA,0.6,1
0567-XRHCU,0.0,0
3057-VJJQE,0.0,0
6941-KXRRV,0.0,0
2243-FNMMI,0.0,0
5445-UTODQ,0.4,0
1644-IRKSF,0.4,0
1194-BHJYC,0.0,0
1291-CUOCY,0.2,0
3453-RTHJQ,0.4,0
4397-FRLTA,0.2,0
7951-QKZPL,0.0,0
5226-NOZFC,0.2,0
1928-BXYIV,0.8,1
3186-BAXNB,1.0,1
1171-TYKUR,0.0,0
2995-UPRYS,0.4,0
9103-CXVOK,0.4,0
2573-GYRUU,0.6,1
0464-WJTKO,0.0,0
6664-FPDAC,0.6,1
2626-VEEWG,0.0,0
8648-PFRMP,0.6,1
2778-OCLGR,0.2,0
0254-KCJGT,0.6,1
0235-KGSLC,0.8,1
6196-HBOBZ,0.2,0
7954-MLBUN,0.2,0
0228-MAUWC,0.6,1
3327-YBAKM,0.0,0
4765-OXPPD,0.2,0
8405-IGQFX,0.0,0
3092-IGHWF,0.0,0
0178-CIIKR,0.4,0
1755-RMCXH,0.0,0
7798-JVXYM,0.4,0
8593-WHYHV,1.0,1
2987-BJXIK,0.0,0
6496-JDSSB,0.8,1
1548-FEHVL,0.0,0
3426-NIYYL,0.2,0
2004-OCQXK,1.0,1
5730-RIITO,0.0,0
0394-YONDK,0.0,0
2466-FCCPT,0.0,0
8125-QPFJD,0.2,0
6663-JOCQO,0.4,0
2075-RMJIK,0.6,1
5175-WLYXL,0.4,0
1559-DTODC,0.0,0
5331-RGMTT,0.4,0
3244-DCJWY,0.8,1
3413-CSSTH,0.0,0
3629-WEAAM,0.4,0
3045-XETSH,0.4,0
9135-MGVPY,0.0,0
4737-AQCPU,0.0,0
7594-RQHXR,1.0,1
5760-WRAHC,0.6,1
5577-OTWWW,0.0,0
2240-HSJQD,0.2,0
5512-IDZEI,0.0,0
9087-EYCPR,0.0,0
0141-YEAYS,0.2,0
5360-XGYAZ,0.2,0
2645-QTLMB,0.8,1
5989-AXPUC,0.0,0
8885-QSQBX,0.2,0
8434-PNQZX,0.2,0
0515-YPMCW,0.6,1
6137-NICCO,1.0,1
7783-YKGDV,0.6,1
8644-XLFBW,0.8,1
3365-SAIGS,0.2,0
9581-GVBXT,0.0,0
9430-FRQOC,0.6,1
0565-JUPYD,0.2,0
9068-VPWQQ,0.0,0
7718-RXDGG,0.6,1
3811-VBYBZ,1.0,1
3943-KDREE,0.0,0
9541-ZPSEA,0.2,0
0640-YJTPY,0.0,0
3604-WLABM,0.2,0
5542-DHSXL,0.2,0
0541-FITGH,0.8,1
7469-LKBCI,0.2,0
7940-UQQUG,0.0,0
0690-SRQID,0.0,0
3967-VQOGC,0.0,0
0570-BFQHT,0.4,0
1565-RHDJD,0.8,1
5504-WSIUR,0.0,0
0769-MURVM,0.0,0
7495-OOKFY,0.6,1
0348-SDKOL,0.2,0
7255-SSFBC,0.0,0
0810-DHDBD,0.2,0
2041-JIJCI,0.4,0
8495-PRWFH,0.2,0
0619-OLYUR,0.0,0
9919-KNPOO,0.4,0
8822-KNBHV,0.0,0
6195-MELTI,0.0,0
5970-GHJAW,0.0,0
2178-PMGCJ,0.6,1
0378-CJKPV,0.2,0
7243-LCGGZ,0.4,0
0979-MOZQI,0.2,0
4526-RMTLL,0.4,0
3863-IUBJR,0.0,0
0836-SEYLU,0.0,0
1810-MVMAI,0.2,0
2181-TIDSV,0.0,0
9475-NNDGC,0.2,0
5315-CKEQK,0.0,0
3454-JFUBC,0.0,0
8328-SKJNO,0.2,0
3982-JGSFD,0.0,0
4301-VVZKA,0.4,0
5655-JSMZM,0.0,0
1623-NLDOT,0.0,0
1237-WIYYZ,0.0,0
3269-ATYWD,0.4,0
8969-PRHFK,0.0,0
6518-KZXCB,0.0,0
2657-ALMWY,0.8,1
8017-LXHFA,0.6,1
3441-CGZJH,0.0,0
8670-MEFCP,0.4,0
9787-XVQIU,1.0,1
5076-YVXCM,0.2,0
0594-UFTUL,0.0,0
1834-ABKHQ,0.2,0
0401-WDBXM,0.2,0
0488-GSLFR,1.0,1
4132-KALRO,0.6,1
1393-IMKZG,1.0,1
9242-TKFSV,0.0,0
4353-HYOJD,0.2,0
0572-ZJKLT,0.2,0
6418-HNFED,0.2,0
8561-NMTBD,0.2,0
9639-BUJXT,0.2,0
8404-VIOMB,0.0,0
9513-DXHDA,0.0,0
7677-SJJJK,0.0,0
3144-KMTWZ,0.0,0
7663-CUXZB,0.2,0
3407-QGWLG,0.4,0
8677-HDZEE,0.4,0
0853-TWRVK,0.0,0
2073-QBVBI,0.0,0
7075-BNDVQ,0.4,0
9530-EHPOH,0.0,0
6366-XIVKZ,0.4,0
3884-UEBXB,0.2,0
8201-AAXCB,0.2,0
3566-HJGPK,0.4,0
4338-EYCER,0.4,0
2926-JEJJC,0.2,0
4883-KCPZJ,0.0,0
4062-HBMOS,0.4,0
9391-DXGGG,0.2,0
2691-NZETQ,0.2,0
5985-BEHZK,0.0,0
8008-HAWED,0.2,0
1370-GGAWX,0.6,1
5130-IEKQT,0.6,1
2774-LVQUS,0.4,0
4484-GLZOU,0.4,0
4644-OBGFZ,0.0,0
8875-AKBYH,0.4,0
1678-FYZOW,0.8,1
3473-XIIIT,0.6,1
9576-ANLXO,0.4,0
3709-OIJEA,0.4,0
5135-GRQJV,0.0,0
1063-DHQJF,0.0,0
1042-HFUCW,0.0,0
4570-QHXHL,0.2,0
2188-SXWVT,0.0,0
8775-CEBBJ,0.2,0
8972-HJWNV,0.8,1
0661-KQHNK,0.2,0
9979-RGMZT,0.8,1
8443-WVPSS,0.4,0
8752-STIVR,0.6,1
6439-GTPCA,0.0,0
9968-FFVVH,0.2,0
0757-WCUUZ,0.0,0
2933-FILNV,0.0,0
7998-WNZEM,0.0,0
6559-PDZLR,0.2,0
4829-AUOAX,0.6,1
5781-RFZRP,0.0,0
2272-JKMSI,0.0,0
6979-ZNSFF,0.4,0
9411-TPQQV,0.0,0
4667-OHGKG,0.4,0
8069-YQQAJ,0.0,0
5176-LMJXE,0.0,0
3887-PBQAO,0.0,0
3209-ZPKFI,0.2,0
7623-HKYRK,0.2,0
1084-MNSMJ,0.4,0
4203-QGNZA,0.0,0
4902-OHLSK,0.2,0
3452-SRFEG,0.0,0
0330-IVZHA,1.0,1
1577-HKTFG,0.0,0
8190-ZTQFB,0.2,0
7927-AUXBZ,0.0,0
5902-WBLSE,0.0,0
6217-TOWGS,0.6,1
3723-BFBGR,0.0,0
3500-NSDOA,0.0,0
2632-UCGVD,0.4,0
5055-MGMGF,0.4,0
9670-BPNXF,0.2,0
6823-SIDFQ,0.0,0
2696-ECXKC,0.4,0
4198-VFOEA,0.0,0
0463-TXOAK,0.2,0
0511-JTEOY,0.8,1
1597-FZREH,1.0,1
3977-QCRSL,0.2,0
0114-RSRRW,0.2,0
8161-QYMTT,0.4,0
6164-HAQTX,0.0,0
0958-YHXGP,0.4,0
4291-TPNFG,0.0,0
6131-JLWZM,0.0,0
4716-HHKQH,0.6,1
2455-USLMV,0.2,0
3890-RTCMS,0.6,1
1156-ZFYDO,0.4,0
7673-LPRNY,0.0,0
2916-BQZLN,0.0,0
4832-VRBMR,0.0,0
0940-OUQEC,0.4,0
5150-LJNSR,0.2,0
8066-POXGX,0.0,0
9124-LHCJQ,1.0,1
4830-FAXFM,0.0,0
5777-KJIRB,0.2,0
9221-OTIVJ,0.6,1
0742-NXBGR,0.8,1
8221-HVAYI,0.0,0
1977-STDKI,0.8,1
5458-CQJTA,0.0,0
3230-JCNZS,0.2,0
1096-ADRUX,0.0,0
7319-ZNRTR,0.0,0
4054-CUMIA,0.0,0
5480-XTFFL,0.0,0
8034-RYTVV,0.0,0
9860-LISIZ,0.0,0
5371-VYLSX,0.2,0
2688-BHGOG,0.2,0
0147-ESWWR,0.2,0
5232-NXPAY,0.0,0
0505-SPOOW,0.0,0
5780-INQIK,0.2,0
1010-DIAUQ,0.8,1
0841-NULXI,0.8,1
8107-KNCIM,0.2,0
7928-VJYAB,0.2,0
2055-SIFSS,0.4,0
6371-NZYEG,0.4,0
9375-MHRRS,0.2,0
9507-HSMMZ,0.0,0
7693-LCKZL,0.4,0
3638-DIMPH,0.6,1
7876-DNYAP,0.0,0
6016-NXBNJ,0.0,0
1447-GIQMR,1.0,1
3893-JRNFS,0.0,0
1597-LHYNC,0.6,1
9638-JIQYA,0.4,0
0258-NOKBL,0.8,1
6827-IEAUQ,0.2,0
6778-EICRF,0.0,0
1697-BCSHV,0.0,0
9039-RBEEE,0.0,0
4079-ULGFR,0.0,0
7839-NUIAA,0.0,0
4255-DDUOU,0.6,1
6713-OKOMC,0.4,0
5244-IRFIH,0.2,0
9272-LSVYH,0.4,0
1725-IQNIY,0.2,0
7711-GQBZC,0.0,0
7587-RZNME,0.4,0
1089-HDMKP,0.4,0
7216-KAOID,0.0,0
7634-HLQJR,0.0,0
7808-DVWEP,0.2,0
9619-GSATL,0.2,0
9313-QOLTZ,0.0,0
3744-ZRRDZ,0.2,0
7182-OVLBJ,0.2,0
7137-RYLPP,0.2,0
7130-CTCUS,0.2,0
5307-DZCVC,0.2,0
5095-ETBRJ,0.0,0
1306-RPWXZ,0.0,0
1767-CJKBA,0.0,0
7219-TLZHO,0.2,0
8144-DGHXP,0.0,0
3131-NWVFJ,0.2,0
5868-YTYKS,0.4,0
8232-CTLKO,0.0,0
7217-JYHOQ,0.2,0
1406-PUQVY,0.4,0
6818-WOBHJ,0.4,0
3946-MHCZW,0.6,1
8065-QBYTO,0.0,0
2462-XIIJB,1.0,1
4128-ETESU,0.0,0
2754-XBHTB,0.2,0
8198-RKSZG,0.6,1
6476-EPYZR,0.0,0
6022-UGGSO,0.4,0
5875-YPQFJ,0.8,1
5495-GPSRW,0.0,0
9378-FXTIZ,0.0,0
8263-OKETD,0.0,0
5380-XPJNZ,0.0,0
6227-FBDXH,0.0,0
5028-HTLJB,0.4,0
6122-EFVKN,0.0,0
3384-CTMSF,0.8,1
4504-YOULA,0.4,0
6365-HITVU,0.2,0
8859-YSTWS,0.0,0
1699-TLDLZ,0.2,0
9402-CXWPL,0.2,0
4090-KPJIP,0.6,1
4750-UKWJK,0.0,0
0831-JNISG,0.0,0
3301-VKTGC,0.0,0
4931-TRZWN,0.4,0
7356-IWLFW,0.4,0
2209-XADXF,0.4,0
9558-IHEZX,0.2,0
6188-UXBBR,0.0,0
1335-NTIUC,0.0,0
0854-UYHZD,0.0,0
9691-HKOVS,0.2,0
2202-OUTMO,0.4,0
1814-WFGVS,0.0,0
0224-HJAPT,0.8,1
8791-GFXLZ,0.4,0
7251-LJBQN,0.2,0
9076-AXYIK,0.4,0
7083-YNSKY,0.0,0
4307-KWMXE,0.0,0
1343-EHPYB,0.2,0
7353-YOWFP,0.0,0
4208-UFFGW,0.4,0
3097-PYWXL,0.2,0
7541-YLXCL,0.0,0
2332-EFBJY,0.0,0
9146-JRIOX,0.2,0
1703-MGIAB,0.6,1
5014-GSOUQ,0.2,0
0650-BWOZN,0.0,0
4425-OWHWB,0.0,0
2516-XSJKX,0.4,0
3663-MITLP,0.8,1
4140-MUHUG,0.6,1
9947-OTFQU,0.2,0
5868-CZJDR,0.6,1
8073-IJDCM,0.4,0
4647-XXZAM,0.2,0
4232-JGKIY,0.4,0
1407-DIGZV,0.2,0
2753-JMMCV,0.0,0
2545-LXYVJ,0.0,0
3675-EQOZA,0.0,0
1855-AGAWH,0.4,0
4658-HCOHW,0.6,1
2359-KLTEK,0.4,0
5498-IBWPI,0.2,0
0002-ORFBO,0.6,1
3703-KBKZP,0.4,0
4513-CXYIX,0.0,0
6179-GJPSO,0.0,0
3966-HRMZA,0.6,1
1543-LLLFT,0.2,0
8401-EMUWF,0.4,0
1561-BWHIN,0.0,0
1347-KTTTA,0.0,0
3973-SKMLN,0.0,0
9605-WGJVW,0.8,1
6599-RCLCJ,0.8,1
8069-RHUXK,0.2,0
5950-AAAGJ,0.8,1
8590-YFFQO,0.0,0
2636-SJDOU,0.6,1
5215-LNLDJ,0.0,0
1626-ERCMM,0.4,0
2314-TNDJQ,0.0,0
0531-XBKMM,0.0,0
2959-MJHIC,0.8,1
5685-IIXLY,0.2,0
5027-XWQHA,0.2,0
4291-HPAXL,0.6,1
8019-ENHXU,0.6,1
4879-GZLFH,0.2,0
1872-EBWSC,0.0,0
5380-AFSSK,1.0,1
5590-YRFJT,0.0,0
0486-LGCCH,0.4,0
7916-VCCPB,0.2,0
2719-BDAQO,0.6,1
9661-ACXBS,0.6,1
3541-ZNUHK,0.0,0
2000-DHJUY,0.0,0
0691-NIKRI,0.2,0
8133-ANHHJ,0.2,0
1488-SYSFC,0.0,0
7531-GQHME,0.0,0
4452-QIIEB,0.2,0
2558-BUOZZ,0.6,1
9933-QRGTX,0.2,0
1396-QWFBJ,0.6,1
1628-BIZYP,1.0,1
6338-AVWCY,0.4,0
8229-MYEJZ,0.4,0
0411-EZJZE,0.6,1
5202-IVJNU,0.0,0
7599-FKVXZ,0.4,0
8148-NLEGT,0.0,0
6746-WAUWT,0.0,0
9391-LMANN,0.2,0
1608-GMEWB,0.2,0
3338-CVVEH,0.6,1
7268-IGMFD,0.4,0
6928-ONTRW,0.0,0
2265-CYWIV,0.6,1
6252-DFGTK,0.2,0
0818-OCPZO,0.4,0
1600-DILPE,0.4,0
1022-RKXDR,0.0,0
9281-CEDRU,0.0,0
5606-AMZBO,0.2,0
7501-VTYLJ,0.4,0
7586-ZATGZ,0.4,0
6467-CHFZW,0.0,0
9585-KKMFD,0.0,0
8406-LNMHF,0.0,0
4818-DRBQT,0.6,1
7037-MTYVW,0.2,0
7103-IPXPJ,0.4,0
1937-OTUKY,0.0,0
8348-HFYIV,0.6,1
3179-GBRWV,0.2,0
9297-EONCV,0.0,0
6825-UYPFK,0.6,1
2959-EEXWB,0.2,0
3146-JTQHR,0.2,0
3243-ZHOHY,0.0,0
7657-DYEPJ,0.0,0
7107-UBYKY,0.0,0
8819-IMISP,0.2,0
8332-OSJDW,0.0,0
9068-FHQHD,0.0,0
8544-JNBOX,0.0,0
3439-GVUSX,0.6,1
0887-HJGAR,0.4,0
0848-SOMKO,0.0,0
1837-YQUCE,0.0,0
4676-MQUEA,0.4,0
4654-GGUII,0.0,0
6762-QVYJO,0.0,0
2038-YSEZE,0.0,0
4335-UPJSI,0.0,0
9537-VHDTA,0.6,1
1821-BUCWY,0.0,0
0970-QXPXW,0.2,0
5075-JSDKI,0.0,0
0191-ZHSKZ,0.2,0
0365-BZUWY,0.4,0
7446-KQISO,0.0,0
8665-UTDHZ,0.6,1
2519-TWKFS,0.2,0
3758-CKOQL,0.2,0
7873-CVMAW,0.0,0
1431-AIDJQ,0.6,1
3565-UNOCC,0.2,0
2205-LPVGL,0.6,1
1015-JPFYW,0.0,0
9225-BZLNZ,0.0,0
1170-SASML,0.0,0
8189-XRIKE,0.2,0
5067-XJQFU,0.0,0
0347-UBKUZ,0.2,0
5337-IIWKZ,0.0,0
3014-WJKSM,0.6,1
2777-PHDEI,1.0,1
1552-CZCLL,0.0,0
0956-ACVZC,0.4,0
1320-HTRDR,0.6,1
5522-JBWMO,0.4,0
1157-BQCUW,1.0,1
3669-LVWZB,0.4,0
6655-LHBYW,0.6,1
8143-ETQTI,0.0,0
4547-FZJWE,0.0,0
1333-PBMXB,0.0,0
7607-QKKTJ,0.8,1
4804-NCPET,0.0,0
3026-ATZYV,0.2,0
0207-MDKNV,0.6,1
2111-DWYHN,0.2,0
8387-UGUSU,0.2,0
6261-LHRTG,0.2,0
7868-TMWMZ,0.0,0
5093-FEGLU,0.0,0
0323-XWWTN,0.2,0
9547-ITEFG,0.4,0
4884-TVUQF,0.8,1
1465-LNTLJ,0.0,0
7997-EASSD,0.0,0
8220-OCUFY,0.2,0
2856-NNASM,0.2,0
4139-DETXS,0.0,0
5546-QUERU,0.0,0
9445-ZUEQE,0.4,0
2869-ADAWR,0.0,0
0048-LUMLS,0.4,0
4797-MIWUM,0.0,0
2207-NHRJK,0.6,1
5277-ZLOOR,0.6,1
0168-XZKBB,0.8,1
6341-AEVKX,0.2,0
6556-DBKZF,0.2,0
8746-OQQRW,0.2,0
6840-RESVB,0.0,0
0264-CNITK,0.0,0
3858-VOBET,0.6,1
3635-QQRQD,0.0,0
8735-SDUFN,0.0,0
9544-PYPSJ,0.4,0
1241-EZFMJ,0.0,0
5095-AESKG,0.2,0
7398-SKNQZ,0.8,1
1163-VIPRI,0.2,0
4789-KWMXN,0.4,0
6297-NOOPG,0.2,0
4537-DKTAL,0.6,1
9625-QNLUX,0.0,0
0214-JHPFW,0.0,0
7569-NMZYQ,0.2,0
6888-SBYAI,0.4,0
7460-ITWWP,0.2,0
2169-RRLFW,0.0,0
2829-HYVZP,0.0,0
6559-RAKOZ,0.2,0
0559-CKHUS,0.0,0
5160-UXJED,0.4,0
7746-QYVCO,0.0,0
9885-MFVSU,0.0,0
5954-BDFSG,0.0,0
9688-YGXVR,0.2,0
4884-ZTHVF,0.4,0
2984-RGEYA,0.0,0
1518-OMDIK,0.0,0
8212-CRQXP,0.4,0
1307-ATKGB,0.4,0
6814-ZPWFQ,0.0,0
4550-EVXNY,0.8,1
6447-GORXK,0.0,0
5598-IKHQQ,0.0,0
5025-GOOKI,0.0,0
6982-UQZLY,0.6,1
4825-XJGDM,0.0,0
2506-TNFCO,1.0,1
8777-MBMTS,0.0,0
0396-HUJBP,0.0,0
9804-ICWBG,0.8,1
6266-QHOJZ,0.0,0
6278-FEPBZ,0.2,0
5176-LDKUH,0.0,0
9764-REAFF,0.2,0
0114-IGABW,0.0,0
5183-KLYEM,0.0,0
4933-BSAIP,0.0,0
1956-YIFGE,0.6,1
4990-ALDGW,0.0,0
7743-EXURX,0.2,0
3523-BRGUW,0.0,0
1066-JKSGK,0.6,1
7758-XKCBS,0.0,0
0337-CNPZE,0.0,0
5327-XOKKY,0.0,0
3957-SQXML,0.0,0
9317-WZPGV,1.0,1
1996-DBMUS,0.0,0
5656-MJEFC,0.0,0
2595-KIWPV,0.0,0
0725-CXOTM,0.0,0
9231-ZJYAM,0.4,0
7636-PEPNS,0.0,0
4003-OCTMP,0.0,0
9405-GPBBG,0.0,0
7627-JKIAZ,0.2,0
0378-NHQXU,0.6,1
6141-OOXUQ,0.6,1
4395-PZMSN,0.6,1
2546-KZAAT,0.2,0
3733-LSYCE,0.4,0
8191-XWSZG,0.0,0
8329-GWVPJ,0.0,0
6838-HVLXG,0.2,0
7244-QWYHG,0.4,0
3580-REOAC,0.0,0
9746-MDMBK,0.4,0
6168-YBYNP,0.4,0
5649-TJHOV,0.0,0
1619-YWUBB,0.0,0
2074-GUHPQ,0.4,0
0354-VXMJC,0.0,0
4134-BSXLX,0.0,0
2550-AEVRU,0.0,0
5681-LLOEI,0.0,0
4088-YLDSU,0.4,0
5797-APWZC,1.0,1
0439-IFYUN,0.2,0
8975-SKGRX,0.0,0
6738-ISCBM,0.2,0
6481-LXPWL,0.0,0
2371-KFUOG,0.0,0
9734-YWGEX,0.8,1
5399-ZIMKF,0.2,0
4634-JLRJT,0.4,0
1020-JPQOW,0.6,1
2294-DMMUS,0.0,0
9053-JZFKV,0.2,0
0074-HDKDG,0.2,0
9564-KCLHR,0.6,1
8901-HJXTF,0.0,0
7795-CFOCW,0.0,0
7599-NTMDP,0.4,0
3415-TAILE,0.4,0
4154-AQUGT,0.6,1
2266-SJNAT,0.0,0
2254-DLXRI,1.0,1
2277-BKJKN,0.0,0
0895-DQHEW,0.4,0
6253-GNHWH,0.2,0
2592-SEIFQ,0.0,0
3115-JPJDD,0.2,0
4359-INNWN,0.0,0
1266-NZYUI,0.0,0
5186-SAMNZ,0.8,1
4910-AQFFX,0.4,0
7855-DIWPO,0.4,0
3460-TJBWI,0.0,0
6048-QBXKL,0.4,0
1217-VASWC,0.0,0
1591-NFNLQ,0.0,0
8606-OEGQZ,0.0,0
4597-ELFTS,0.2,0
5414-OFQCB,0.2,0
4566-GOLUK,0.8,1
2770-NSVDG,0.4,0
4872-JCVCA,0.2,0
0932-YIXYU,0.0,0
8985-OOPOS,0.6,1
1409-PHXTF,0.0,0
5447-VYTKW,0.2,0
5197-LQXXH,0.0,0
9025-AOMKI,1.0,1
4840-ORQXB,0.0,0
8807-ARQET,0.0,0
7762-ONLJY,0.0,0
6551-ZCOTS,0.2,0
9878-TNQGW,0.8,1
1941-HOSAM,1.0,1
1051-GEJLJ,0.2,0
5802-ADBRC,0.0,0
9184-GALIL,0.0,0
2189-WWOEW,0.6,1
3161-GETRM,0.2,0
0219-QAERP,0.0,0
1475-VWVDO,0.2,0
3583-EKAPL,0.6,1
6752-APNJL,0.2,0
8510-TMWYB,0.0,0
9715-SBVSU,0.4,0
3882-IYOIJ,0.0,0
1094-BKOSX,0.0,0
1345-GKDZZ,0.0,0
0744-BIKKF,0.0,0
4670-TABXH,0.0,0
9158-VCTQB,0.0,0
7273-TEFQD,0.4,0
4248-QPAVC,0.8,1
7926-IJOOU,0.0,0
7971-HLVXI,0.4,0
5442-BHQNG,0.8,1
1027-LKKQQ,0.0,0
0458-HEUZG,0.0,0
0613-WUXUM,0.0,0
8823-RLPWL,0.0,0
9821-POOTN,0.2,0
5482-PLVPE,0.0,0
5712-AHQNN,0.2,0
6483-OATDN,0.2,0
7074-STDCN,0.0,0
6518-PPLMZ,0.0,0
1052-QJIBV,0.0,0
1972-XMUWV,0.0,0
7706-YLMQA,0.0,0
6563-VRERX,0.0,0
6941-PMGEP,0.6,1
3319-DWOEP,0.6,1
3336-JORSO,0.0,0
8197-BFWVU,0.0,0
6900-RBKER,0.0,0
9372-TXXPS,0.0,0
5570-PTWEH,0.6,1
9473-CBZOP,0.0,0
2761-OCIAX,0.8,1
7696-AMHOD,0.2,0
7294-TMAOP,1.0,1
2621-UDNLU,0.0,0
9540-JYROE,0.2,0
3761-FLYZI,0.0,0
8388-FYNPZ,0.4,0
5968-XQIVE,0.4,0
5649-RXQTV,0.2,0
4654-DLAMQ,0.2,0
9909-DFRJA,0.6,1
1197-BVMVG,0.4,0
9631-RXVJM,0.0,0
5449-FIBXJ,0.0,0
5365-LLFYV,0.2,0
9095-HFAFX,0.2,0
9548-LIGTA,0.0,0
3806-DXQOM,0.2,0
0754-UKWQP,0.8,1
3629-ZNKXA,0.6,1
5465-BUBFA,0.0,0
2252-JHJGE,0.0,0
2568-BRGYX,0.2,0
6960-HVYXR,0.8,1
8559-CIZFV,0.2,0
8309-PPCED,0.2,0
3714-NTNFO,0.2,0
3512-IZIKN,0.0,0
4018-KJYUY,0.0,0
7047-YXDMZ,0.0,0
4710-NKCAW,0.4,0
7670-ZBPOQ,0.0,0
7399-QHBJS,0.0,0
4317-VTEOA,0.4,0
4554-YGZIH,0.4,0
7908-QCBCA,1.0,1
0621-TWIEM,0.2,0
4906-ZHGPK,0.0,0
4825-FUREZ,0.0,0
8740-CRYFY,1.0,1
2672-HUYVI,1.0,1
2091-RFFBA,0.0,0
0181-RITDD,0.2,0
9610-WCESF,0.0,0
0524-IAVZO,0.2,0
3173-WSSUE,0.0,0
4778-IZARL,0.0,0
9755-JHNMN,0.2,0
9518-RWHZL,0.0,0
3587-PMCOY,1.0,1
9259-PACGQ,0.0,0
1169-SAOCL,0.2,0
3452-ABWRL,0.2,0
6425-YQLLO,0.4,0
8668-KNZTI,0.0,0
4482-EWFMI,0.8,1
5945-AZYHT,0.0,0
3244-CQPHU,0.4,0
3936-QQFLL,0.0,0
8763-KIAFH,0.0,0
5923-GXUOC,1.0,1
8967-SZQAS,0.2,0
8467-WYNSR,0.2,0
9822-BIIGN,0.2,0
6480-YAGIY,0.2,0
5003-XZWWO,0.0,0
7439-DKZTW,1.0,1
4116-IQRFR,0.2,0
5213-TWWJU,0.2,0
0602-DDUML,0.0,0
1591-XWLGB,0.0,0
4468-YDOVK,0.4,0
6518-LGAOV,0.2,0
0804-YGEQV,0.0,0
1137-DGOWI,0.0,0
8605-ITULD,0.2,0
5377-NDTOU,0.2,0
2080-GKCWQ,0.6,1
6908-VVYHM,0.2,0
2405-LBMUW,0.0,0
4973-MGTON,0.0,0
8945-GRKHX,1.0,1
3891-PUQOD,0.8,1
6807-SIWJI,0.0,0
3359-DSRKA,0.0,0
4023-RTIQM,0.2,0
9803-FTJCG,0.0,0
9117-SHLZX,0.4,0
5961-VUSRV,0.2,0
8325-QRPZR,0.8,1
8563-IIOXK,0.0,0
3363-DTIVD,0.0,0
7375-WMVMT,0.0,0
2862-JVEOY,0.0,0
4013-GUXND,0.2,0
3039-MJSLN,0.2,0
6855-VLGOS,0.0,0
2037-XJFUP,0.8,1
6231-WFGFH,0.4,0
7721-DVEKZ,0.2,0
5183-SNMJQ,0.6,1
8884-ADFVN,0.6,1
4124-MMETB,0.6,1
0022-TCJCI,0.0,0
3120-FAZKD,0.0,0
8046-DNVTL,0.2,0
9732-EQMWY,0.2,0
8739-XNIKG,0.6,1
5949-HGVJL,0.2,0
8049-WJCLQ,0.0,0
6331-LWDTQ,0.6,1
5501-TVMGM,0.6,1
4183-MYFRB,0.4,0
5376-PCKNB,0.4,0
6609-MXJHJ,0.0,0
3397-AVTKU,0.2,0
1395-OFUWC,0.0,0
7622-FWGEW,0.4,0
6734-CKRSM,0.2,0
9798-DRYDS,0.0,0
2826-UWHIS,0.2,0
3941-XTSKM,0.0,0
6728-DKUCO,0.2,0
5275-SQEIZ,1.0,1
5440-VHLUL,0.2,0
2894-QOJRX,0.2,0
5307-UVGNB,0.0,0
9840-DVNDC,1.0,1
9888-ZCUMM,0.0,0
9079-LWTFD,0.4,0
5627-TVBPP,0.0,0
3474-BAFSJ,0.0,0
9992-UJOEL,0.4,0
3866-MDTUB,0.6,1
0303-WMMRN,0.2,0
2812-REYAT,0.0,0
8910-ICHIU,0.2,0
4578-PHJYZ,0.0,0
4433-JCGCG,0.4,0
3804-RVTGV,0.2,0
2229-DPMBI,0.2,0
1833-TCXKK,0.6,1
8033-VCZGH,0.0,0
9929-PLVPA,0.0,0
1016-DJTSV,0.2,0
9763-GRSKD,0.4,0
2984-MIIZL,0.6,1
3450-WXOAT,0.2,0
6259-WJQLC,0.2,0
1676-MQAOA,0.0,0
9261-WDCAF,1.0,1
5049-MUBWG,0.2,0
0468-YRPXN,0.6,1
6733-LRIZX,0.2,0
7856-GANIL,0.6,1
3703-VAVCL,0.8,1
6615-ZGEDR,0.6,1
0310-VQXAM,0.2,0
7176-WIONM,0.0,0
7774-OJSXI,0.6,1
6218-KNUBD,0.6,1
1984-FCOWB,0.2,0
7663-RGWBC,0.2,0
8644-XYTSV,0.2,0
6937-GCDGQ,0.0,0
6599-GZWCM,0.2,0
